Prozess ID,Ankunftszeit,Laufzeit,Startzeit,Endzeit,Verweilzeit,Wartezeit,Reaktionszeit
2,0.0,7.0,0,53.0,53.0,46.0,0.0
3,1.0,5.0,12,60.0,59.0,54.0,11.0
5,7.0,9.0,24,103.0,96.0,87.0,17.0
4,6.0,12.0,20,115.0,109.0,97.0,14.0
6,0.0,16.0,4,123.0,123.0,107.0,4.0
1,10.0,20.0,32,139.0,129.0,109.0,22.0
,,,,Ende,Ø Verweilzeit,Ø Wartezeit,Ø Reaktionszeit
,,,,139.0,94.83333333333333,83.33333333333333,11.333333333333334
